academic year school year period time school college university measure quantity study school holiday school holiday referred vacation break recess period school closed class mandatory activity held date period school holiday vary considerably world variation jurisdiction government legislate total number school day state school holiday apply primary secondary education teaching session term semester tertiary education longer terminology winter vacation predominantly christian country holiday december january christmas holiday winter break winter recess day friday wednesday december include christmas year's day europe break typically slightly le week southern hemisphere christmas summer holiday period break longer week day winter vacation depends letter year wednesday december year common year starting sunday leap year starting saturday day winter vacation december 22 wednesday december december 20 year common year starting monday leap year starting sunday day winter vacation december 21 wednesday december december 19 year common year starting tuesday leap year starting monday day winter vacation december 20 wednesday december december 18 year common year starting wednesday leap year starting tuesday day winter vacation december 19 wednesday december december 17 year common year starting thursday leap year starting wednesday day winter vacation december 18 wednesday december december 16 year common year starting friday leap year starting thursday day winter vacation december 17 wednesday december december 15 year common year starting saturday leap year starting friday day winter vacation december 23 wednesday december december 21 spring vacation country christian religious tradition easter holiday united state spring break holiday place northern spring date varies easter movable feast country level schooling summer vacation northern hemisphere longest break educational calendar middle year northern summer 14 week ireland italy lithuania russia summer holiday month compared week britain netherlands germany southern hemisphere longest break educational calendar end beginning year southern summer 14 week december 21 march 20 common practice effect summer holiday child time relax enjoy catch study spend time family relative family travel school holiday school holiday effect country ranging price travel holiday accommodation increase demand increase child school change crime rate uk crime rate monthly figure traffic congestion heavy passenger load public transport school run route worse school day term time number family taking holiday urban area reduce traffic public transport city loading long distance highway transport country netherlands family travel holiday destination start end date school holiday region staggered reduce heavy traffic pressure transport occur date country africa nigeria nigeria longest holiday mid july week september secondary school longer duration period tertiary institution holiday basically determined school start june early day september south africa south africa main holiday early december early mid january 4 6 week autumn break 2 week late march early april longer winter break late june early july spring break late september early october 1 america brazil brazil summer holiday start early december end late january early february winter holiday generally entire month july school tropical north follow school year brazilian carnival 40 day easter sunday date school holiday brazilian school 200 school day national catholic holiday celebrated 3 4 day easter corpus christi carnival canada canada summer holiday includes month july august student returning school late august early september winter break week day longer beginning saturday encompassing christmas free day year's day spring break week long depending city province good friday easter fall spring break ontario canada's largest province spring break commonly march break week march chile school year divided semester semester run late february early march july week week winter break school resume early mid december 10–12 week summer vacation addition school week long break national holiday mid september located southern hemisphere spring begin approximately end holiday week act similarly american spring break mexico mexico school end week july resume week august depending scheduling system school high school college christmas holiday 2 week easter recess 2 week united state united state typically 160 180 school day year exact number depends state school year college university shorter private school tend class 170 day year event based thanksgiving holiday break – occurs end november holiday consists week thanksgiving – day thanksgiving thanksgiving day day area monday tuesday thanksgiving week regular day wednesday early dismissal day thanksgiving day school week early release friday break usa thanksgiving fourth thursday november occurs november 22 november 28 black friday friday fourth thursday november occurs november 23 november 29 usa thanksgiving depends date november 22 november 28 year end sunday thanksgiving november 23 black friday november 24 year end monday thanksgiving november 22 black friday november 23 year end tuesday thanksgiving november 28 black friday november 29 year end wednesday thanksgiving november 27 black friday november 28 year end thursday thanksgiving november 26 black friday november 27 year end friday thanksgiving november 25 black friday november 26 year end saturday thanksgiving november 24 black friday november 25 christmas holiday break – varies length school start saturday december end day year's day monday year's day year's day fall sunday case monday january 2 official holiday school begin january 3 recent occurrence wa 2016 17 holiday break january 1 2017 fell sunday time 2022 23 holiday break martin luther king day break – martin luther king day monday january year student full half day friday weekend martin luther king day monday tuesday day martin luther king day depends letter year year common leap year starting sunday martin luther king day january 16 year common leap year starting monday martin luther king day january 15 year common leap year starting tuesday martin luther king day january 21 year common leap year starting wednesday martin luther king day january 20 year common leap year starting thursday martin luther king day january 19 year common leap year starting friday martin luther king day january 18 year common leap year starting saturday martin luther king day january 17 easter break – week march april starting day palm sunday referred spring break columbus day indigenous peoples' day break – columbus day monday october school week area columbus day state columbus day observed school holiday called indigenous peoples' day date columbus day depends letter year year common year starting sunday leap year starting saturday columbus day october 9 year common year starting monday leap year starting sunday columbus day october 8 year common year starting tuesday leap year starting monday columbus day october 14 year common year starting wednesday leap year starting tuesday columbus day october 13 year common year starting thursday leap year starting wednesday columbus day october 12 year common year starting friday leap year starting thursday columbus day october 11 year common year starting saturday leap year starting friday columbus day october 10 season based believed united state wa primarily agrarian society child needed northern hemisphere summer month farm labor evidence supporting 19th century rural school typically favoring summer academic term vacation time spring autumn summer popular time family vacation 2 3 month summer vacation academic year typically run late august early september june depending length year number holiday vacation snow day occurring year year divided semester quarter typically report card issued students' parent end academic year typically includes fall spring semester shorter optional summer session short optional winter session operate calendar continuing education class community college private boot camp style school shorter start year autumn fall break – week october week columbus day columbus day winter break – week february president's day march depending region spring vacation break – easter break summer vacation break – 12 week starting late late june ending late august day labor day early september depends region – school northeastern united state end june start labor day majority school southern school end start august teacher's day – exists school district day time school calendar day – scheduled break teacher participate season training discussion attend state national convention held teacher's union federal state holiday – includes religious holiday good friday jewish islamic holiday depending school demographic note charter school break shorter due extended number day student spend school 200 day 180 day standard public school college break college university vary widely closely follow 12 break schedule longer break accommodate student live farther return home holiday college university break holiday thanksgiving holiday – end november week thanksgiving – 3 day thanksgiving thanksgiving day day – friday break considered half day christmas holiday break – mid december late january spring break – week march april starting good friday summer break – early mid late august day labor day college university year divided semester starting day labor day early september mid december lasting end january early winter summer class break duration public elementary secondary school averaged state level 170 180 school day 2007 08 academic year state legal minimum requirement instructional day hour year asia china summer holiday early july end august winter holiday 1 month time varies depending date chinese year hong kong hong kong summer holiday mid july end august christmas lunar year easter holiday half week india south india south india summer vacation end march beginning june diwali break begin october november depending month diwali occurs year 1 week christmas break start week december 22nd 23rd end week january 5th tamil nadu day leave tamil nadu celebrates festival thai day festival tamil calendar celebrated january 14 january 17 north india north india typical summer vacation run mid end june school starting july 1 break 10 day lie middle christmas holiday school combine christmas holiday winter break school uttar pradesh give holiday singh's birth anniversary winter break start school winter break start 28 december end weekend year school week academic year end contrary summer vacation academic year south academic year start 1 april india public holiday india depending region holiday mandated nation january 26 republic day august 15 independence day october 2 gandhi jayanti birthday mahatma gandhi uae united arab emirate main holiday summer break summer holiday end june week september winter break winter break end december week january includes year's holiday semester break board school school board holiday week april time year summer islamic occasion celebrated holiday small break eid break indian festival diwali holiday information relevant 2019 indonesia indonesia main school holiday school year holiday – kelas grading holiday place 2–3 week late june early july date vary depending province region holiday start monday week saturday week break mid term holiday break aim separate semester indonesian school year place week late december early january coinciding christmas year holiday starting ending date school year holiday eid al fitr holiday holiday week date varies islamic calendar fasting holiday holiday holiday 1 month date varies islamic calendar break coincides eid al fitr holiday school start monday month potentially 3–4 month school year holiday kelas month ramadan christmas occurs holiday eid al fitr school start year day break student teacher apologise shake hand halal period 3 day halal parent receive grade report show student achievement past year main holiday small holiday place 1–2 day independence day religious break teacher's day israel israel academic year divided semester begin october depending hebrew calendar week end 13 week january week january february dedicated semester exam late february early march begin semester mid late june month june july dedicated exam late testing middle august japan japan academic year start 1 april school japan school holiday place week late march early april week late july end august week year end christmas national holiday japan year period late december early january exception northern japan school set longer winter break cutting summer shorter additionally 4 national holiday falling 29 april 5 aka golden week korea summer vacation winter vacation similar length lasting 1 month spring vacation 2 week addition couple day long holiday year including fall late winter malaysia malaysia 2 main semester holiday additional mid term break year end holiday mid year holiday week late mid june school term year end holiday week mid november early january school year school term ha mid term break week march semester week month august september variable semester school closed national state public holiday school allowed special holiday replacement event school anniversary sport day festivity hari raya chinese year school apply additional holiday longer break student visit relative hometown day missed exceeding special holiday allowance replaced class weekend philippine philippine summer break start late march early april end june break start late october early november christmas break start mid december early january event based holiday declared president national holiday provincial governor city mayor local holiday department education basic education commission higher education college singapore singapore school term term 1 2 referred semester 1 term 3 4 referred semester 2 term consists ten school week term 1 start day immediately year's day school day thursday friday counted school week term 1 break week called march holiday term 2 commences break week june holiday term 3 break week september holiday term 4 start december holiday week long depending week year wa counted school week student day public holiday children's day youth's day teacher's day day national day turkey public school holiday january 1 – year winter break called midterm break 15 day break week late january early february april 23 – national sovereignty children's day 1 – labour solidarity day 19 – commemoration atatürk youth sport day summer break 13 week early mid june mid september august 30 – victory day coincides summer break time october 29 – republic day 28 october half day ramadan feast 3 day sacrifice feast 4 day holiday exact date holiday change year ramadan sacrifice feast calculated muslim calendar resulting feast celebrated earlier 10 11 day year feast middle week break full week break day feast day included break starting 2019 summer break ha cut 11 week break introduced autumn break week mid november spring break week mid april australia zealand australia zealand academic year primary secondary institution divided semester semester divided term totaling term year historically year wa divided term extended easter break interrupting term year ha divided term late 1980s exception australian state tasmania change 2013 southern hemisphere season main summer holiday academic year encompasses december january day beginning february encompasses christmas year australia day 26 january year 12 term end november university term start march zealand celebrates day 6 february summer holiday zealand extend day depending year typically break week mid semester term 1 term 3 break week middle year vary jurisdiction year 2000 due 2000 olympic game sydney state south wale extended break term 3 week compensating reducing break middle year week historically term 1 holiday scheduled easter reflecting term system's notion extended easter break term 1 mid 1990s ha gradually changed queensland victoria tie school holiday closely easter remainder australia zealand fixed length term 1 lead easter period falling term 1 year early easter 2016 typically term 1 holiday run week april mid year holiday encompass week june week july term 3 holiday encompass week september week october varies jurisdiction exact date depend day week respective month begin exception beginning end academic year term tend begin end full week europe austria austria summer holiday early july early september exception salzburg autumn break christmas break december 24 january 6 easter break 10 day mid term break february week break 4 day including weekend day religious holiday assumption ascension corpus christi belgium primary school academic year belgium begin weekday september end weekday june summer holiday comprising entire month july august secondary school university close week earlier school result processed published week autumn break scheduled week day november 1 winter christmas holiday week encompasses christmas year's day date week spring break week easter holiday vary catholic region carnival celebrated spring break place carnival week al balance school day spring break summer holiday week easter holiday place easter beginning middle end holiday period case easter complete end holiday easter monday serf additional day 2008 belgium easter weekend inside break due fact easter sunday wa 23 march school broke weekend april 2008 week croatia croatia major break school year public school depending region number holiday school decides school year minimum 175 working day 160 student undertaking final exam end high school summer break run mid june typically 15th 16th early september monday september lasting 11 week winter christmas break start december 24 christmas eve end monday january 6 3 week total part country opted split winter holiday part part lasting 2 week starting christmas eve encompassing christmas year part lasting week week february spring easter break 10 day encompasses good friday easter easter monday work week easter school opted winter holiday exchange autumn break typically week saints' day november 1 free day include public holiday local patron saint day land tuesday thursday day monday holiday tuesday friday thursday considered free day merge holiday weekend czech republic czech republic summer holiday begin end school year 30 june end start school year 1 september autumn holiday day 28 october date proclamation czechoslovakia winter christmas holiday 22 december 3 january day half term holiday 31 january spring holiday week long occur february march depending region continue easter holiday thursday good friday easter monday free day 1 international workers' day 8 end world war 28 september assassination st wenceslas duke patron saint czech land school director authorised add free day school year school holiday determined ministry school school year valid basic high school denmark denmark summer holiday 6–7 week school week winter holiday week autumn holiday february october finally school closed christmas year estonia estonia summer holiday month june august christmas holiday week autumn spring holiday week 2016 estonian ministry education decided add holiday starting 2017 balance learning week 5 holiday autumn holiday 21 29 october winter holiday 23 december 7 january holiday 24 february 4 march spring holiday 21 april 1 summer holiday 12 june 31 august summer break start 1 week france french school holiday scheduled year ministry education lead overcrowding tourist resort mediterranean coast ski resort alleviate problem holiday schedule staggered dividing country zone measure synchronized school holiday schedule crowding effect family head popular holiday location time result price increase availability problem location school holiday period holiday divided separate zone holiday saint christmas year germany germany 75 week day year school free day exact date chosen 16 state consultation reason planning traffic management usual holiday block year 2 week easter 2 week summer 6 week autumn 2 week depending state holiday winter half school year greece greece break school year public school summer holiday run june september holiday begin june 10 20 end september 11 christmas holiday begin december 23 end january 8 2 week easter holiday 2 week lazarus saturday thomas sunday orthodox calculation 1 day national holiday october 28 march 25 ireland date start end school year primary post primary level fixed mid year break due start certificate exam post primary school open tuition friday june public holiday monday june year school year generally start week september 1 fall minimum 183 teaching day primary school 167 day secondary school mid term break october february week primary school day february week break christmas year easter summer holiday start week week june secondary school end june primary education end week august week september junior certificate leaving certificate exam start wednesday june half week intruding students' summer holiday italy italy school holiday determined ministry education valid public school order grade summer holiday mid june week september student taking final exam middle superior school exam mid july christmas holiday start december 23 end working day january 6 summer holiday italy 12 week holiday include week easter day december 8 feast immaculate conception day october 31 november 1 saint national holiday april 25 liberation day june 2 republic day workers' day 1 locally school authority freedom establishment lesson calendar grant vacation day important local festival local patron saint day latvia latvia summer holiday month june august christmas holiday week autumn spring holiday week lithuania lithuania summer holiday 9th 11th grade begin day 10th 12th grade student due exam grade past upper level lithuanian student 70 day holiday holiday month netherlands netherlands summer holiday week school country divided region start summer holiday week summer holiday start mid july end late august dutch elementary high school student week autumn holiday mid october week christmas holiday week december week crocus spring holiday february south carnaval holiday week high school elementary school differ school school holiday span period national holiday king's day queen's day april 27 remembrance dead 4 liberation day 5 include ascension day north macedonia north macedonia break school year public school summer break run june 10 september 1 winter christmas break start year's eve january 1 end january 20 free day include public holiday local school patron day norway norway school holiday vary region generally school year start week august region week beginning october week 40 41 christmas holiday start day christmas eve end week january week winter vacation late february week 8 9 easter holiday palm sunday easter monday day summer holiday begin day midsummer poland public school break holiday november 1 – saint day 1 day break november 11 – independence day 1 day break january 6 – epiphany 1 day break christmas break – christmas eve weekend day school week year's day winter break – week january february depending region easter break – thursday tuesday easter monday break – 1 labor day 2 polish flag day 3 constitution 3 corpus christi – day june depending year summer break – saturday june 20 end august early september school week day september fall friday romania summer holiday run late mid june early mid september 13–15 week long spring break – week late march early depending date easter winter break week long start fourth week december end monday january break late january early february semester – week long fall break primary school – week late october early november russian federation public school holiday winter break – week january spring break – week late march early april fall break – week late october early november summer break – late september 1 february 23 – men's day day march 8 – international women's day 1 – spring labour day 9 – victory day november 4 – day national unity slovakia slovakia summer holiday begin end school year june 30 end start school year september 1 autumn holiday end october winter christmas holiday december 23 january 7 day half term holiday january 31 spring holiday week long february march depending region easter holiday thursday good friday easter monday easter tuesday free day 1 8 september 1 september 15 november 17 school director authorized add free day school year school holiday determined ministry school valid basic high school slovenia slovenia summer holiday begin june 24 june 25 national day public holiday end september 1 holiday week long expand national holiday fall work day autumn holiday – potato holiday begin october 31 reformation day november 1 called saints' day year holiday start christmas january 2 middle february winter holiday divided part part slovenian student holiday part winter holiday end end february shortest holiday holiday suggests begin 1 april 27 uprising occupation day national holiday 2 national holiday free day february 8 slovenian cultural festival – day easter monday national holiday august 15 feast assumption fall school holiday important adult student year primary secondary school start summer holiday week earlier due final exam holiday valid primary secondary school determined ministry school university student summer holiday october 1 exam spring examination period 25 june summer examination period start september student holiday year holiday depends single college day free student 2015 university student holiday short holiday begin exam depend good student exam exam term time university student holiday national holiday sweden sweden school year start mid late august september 1 university week day saturday november 2 primary secondary school student autumn holiday christmas holiday start december 19–20 depending day week christmas eve occurs end day january 6 public holiday march primary secondary school student week winter vacation exact week varies location easter public holiday day friday monday easter school holiday week preceding easter week immediately depending location primary secondary school summer holiday ten week starting week june united kingdom school holiday united kingdom follow standard pattern school year 190 day teaching beginning autumn term exact timing varies country county local authority set term date apply community voluntary controlled community special school maintained nursery school academy free school voluntary aided school foundation school choose date follow date local authority school set term date required open length time independent private school tend set longer holiday state school england wale academic year run september year late july year time split term divided half week long half term break primary secondary school follow 39 week academic year 16 higher 18 educational establishment 36 33 week term generally half term break oxford cambridge shorter term 8 week term english state school year commences week september half term break 1 week end october term end shortly christmas week holiday encompassing year term stretch easter variable length movable feast ha half term break mid february week easter holiday final term start week july half term break end student exam finish study break exam june july summer break approx 6 week wa long time thought child harvest harvest late september make sense actual fact wa middle class longer holiday scotland summer break earlier day length agricultural practice private public school follow term governing academy follow structure england wale summer holiday state school week long starting mid late july ending early september school christmas easter holiday lasting week school year split section autumn term summer christmas spring term christmas easter summer term easter summer holiday roughly half term pupil week school half term autumn term half term fall week halloween close bonfire night spring term half term fall week valentine's day summer term half term end student returning monday june independent school longer holiday including 10 week summer longer school day lesson saturday morning school holiday england impact school holiday tourism life parent scotland scotland academic year begin week august october week half point summer christmas holiday christmas holiday begin day december 25 end day january 5 week half spring term week break easter easter summer term 3rd half term break half point summer holiday summer holiday begin end june pupil primary 1–7 secondary year 1–3 year 4 5 6 period exam leave end april early june return week summer holiday start northern ireland school northern ireland similar school holiday republic ireland school northern ireland shorter mid term break rest uk substitute longer summer holiday includes month july august academic term reference 